{
    "1-20": {
        "ETH-ETH": {
            "makerAddress": "0x34723b92ae9708ba33843120a86035d049da7dfa",
            "sender": "0x34723b92ae9708ba33843120a86035d049da7dfa",
            "gasFee": 0,
            "tradingFee": 0.00028,
            "maxPrice": 3,
            "minPrice": 0.00005,
            "startTime": 0,
            "endTime": 99999999999999
        }
    },
    "20-1": {
        "ETH-ETH": {
            "makerAddress": "0x34723b92ae9708ba33843120a86035d049da7dfa",
            "sender": "0x34723b92ae9708ba33843120a86035d049da7dfa",
            "gasFee": 2,
            "tradingFee": 0.0055,
            "maxPrice": 3,
            "minPrice": 0.00005,
            "startTime": 0,
            "endTime": 99999999999999
        }
    },
    "2-20": {
        "ETH-ETH": {
            "makerAddress": "0x34723b92ae9708ba33843120a86035d049da7dfa",
            "sender": "0x34723b92ae9708ba33843120a86035d049da7dfa",
            "gasFee": 0,
            "tradingFee": 0.00028,
            "maxPrice": 3,
            "minPrice": 0.00005,
            "startTime": 0,
            "endTime": 99999999999999
        }
    },
    "20-2": {
        "ETH-ETH": {
            "makerAddress": "0x34723b92ae9708ba33843120a86035d049da7dfa",
            "sender": "0x34723b92ae9708ba33843120a86035d049da7dfa",
            "gasFee": 2,
            "tradingFee": 0.00024,
            "maxPrice": 3,
            "minPrice": 0.00005,
            "startTime": 0,
            "endTime": 99999999999999
        }
    },
    "7-20": {
        "ETH-ETH": {
            "makerAddress": "0x34723b92ae9708ba33843120a86035d049da7dfa",
            "sender": "0x34723b92ae9708ba33843120a86035d049da7dfa",
            "gasFee": 0,
            "tradingFee": 0.00028,
            "maxPrice": 3,
            "minPrice": 0.00005,
            "startTime": 0,
            "endTime": 99999999999999
        }
    },
    "20-7": {
        "ETH-ETH": {
            "makerAddress": "0x34723b92ae9708ba33843120a86035d049da7dfa",
            "sender": "0x34723b92ae9708ba33843120a86035d049da7dfa",
            "gasFee": 2,
            "tradingFee": 0.00028,
            "maxPrice": 3,
            "minPrice": 0.00005,
            "startTime": 0,
            "endTime": 99999999999999
        }
    },
    "14-20": {
        "ETH-ETH": {
            "makerAddress": "0x34723b92ae9708ba33843120a86035d049da7dfa",
            "sender": "0x34723b92ae9708ba33843120a86035d049da7dfa",
            "gasFee": 0,
            "tradingFee": 0.00028,
            "maxPrice": 3,
            "minPrice": 0.00005,
            "startTime": 0,
            "endTime": 99999999999999
        }
    },
    "20-14": {
        "ETH-ETH": {
            "makerAddress": "0x34723b92ae9708ba33843120a86035d049da7dfa",
            "sender": "0x34723b92ae9708ba33843120a86035d049da7dfa",
            "gasFee": 2,
            "tradingFee": 0.00028,
            "maxPrice": 3,
            "minPrice": 0.00005,
            "startTime": 0,
            "endTime": 99999999999999
        }
    },
    "23-20": {
        "ETH-ETH": {
            "makerAddress": "0x34723b92ae9708ba33843120a86035d049da7dfa",
            "sender": "0x34723b92ae9708ba33843120a86035d049da7dfa",
            "gasFee": 0,
            "tradingFee": 0.00028,
            "maxPrice": 3,
            "minPrice": 0.00005,
            "startTime": 0,
            "endTime": 99999999999999
        }
    },
    "20-23": {
        "ETH-ETH": {
            "makerAddress": "0x34723b92ae9708ba33843120a86035d049da7dfa",
            "sender": "0x34723b92ae9708ba33843120a86035d049da7dfa",
            "gasFee": 2,
            "tradingFee": 0.00028,
            "maxPrice": 3,
            "minPrice": 0.00005,
            "startTime": 0,
            "endTime": 99999999999999
        }
    },
    "21-20": {
        "ETH-ETH": {
            "makerAddress": "0x34723b92ae9708ba33843120a86035d049da7dfa",
            "sender": "0x34723b92ae9708ba33843120a86035d049da7dfa",
            "gasFee": 0,
            "tradingFee": 0.00028,
            "maxPrice": 3,
            "minPrice": 0.00005,
            "startTime": 0,
            "endTime": 99999999999999
        }
    },
    "20-21": {
        "ETH-ETH": {
            "makerAddress": "0x34723b92ae9708ba33843120a86035d049da7dfa",
            "sender": "0x34723b92ae9708ba33843120a86035d049da7dfa",
            "gasFee": 2,
            "tradingFee": 0.00024,
            "maxPrice": 3,
            "minPrice": 0.00005,
            "startTime": 0,
            "endTime": 99999999999999
        }
    },
    "19-20": {
        "ETH-ETH": {
            "makerAddress": "0x34723b92ae9708ba33843120a86035d049da7dfa",
            "sender": "0x34723b92ae9708ba33843120a86035d049da7dfa",
            "gasFee": 0,
            "tradingFee": 0.0005,
            "maxPrice": 3,
            "minPrice": 0.00005,
            "startTime": 0,
            "endTime": 99999999999999
        }
    },
    "20-19": {
        "ETH-ETH": {
            "makerAddress": "0x34723b92ae9708ba33843120a86035d049da7dfa",
            "sender": "0x34723b92ae9708ba33843120a86035d049da7dfa",
            "gasFee": 0,
            "tradingFee": 0.0005,
            "maxPrice": 3,
            "minPrice": 0.00005,
            "startTime": 0,
            "endTime": 99999999999999
        }
    },
    "40-20": {
        "ETH-ETH": {
            "makerAddress": "0x34723b92ae9708ba33843120a86035d049da7dfa",
            "sender": "0x34723b92ae9708ba33843120a86035d049da7dfa",
            "gasFee": 18,
            "tradingFee": 0.00028,
            "maxPrice": 3,
            "minPrice": 0.00005,
            "startTime": 0,
            "endTime": 99999999999999
        }
    },
    "20-40": {
        "ETH-ETH": {
            "makerAddress": "0x34723b92ae9708ba33843120a86035d049da7dfa",
            "sender": "0x34723b92ae9708ba33843120a86035d049da7dfa",
            "gasFee": 2,
            "tradingFee": 0.00028,
            "maxPrice": 3,
            "minPrice": 0.00005,
            "startTime": 0,
            "endTime": 99999999999999
        }
    },
    "30-20": {
        "ETH-ETH": {
            "makerAddress": "0x34723b92ae9708ba33843120a86035d049da7dfa",
            "sender": "0x34723b92ae9708ba33843120a86035d049da7dfa",
            "gasFee": 10,
            "tradingFee": 0.00028,
            "maxPrice": 3,
            "minPrice": 0.00005,
            "startTime": 0,
            "endTime": 99999999999999
        }
    },
    "20-30": {
        "ETH-ETH": {
            "makerAddress": "0x34723b92ae9708ba33843120a86035d049da7dfa",
            "sender": "0x34723b92ae9708ba33843120a86035d049da7dfa",
            "gasFee": 2,
            "tradingFee": 0.00028,
            "maxPrice": 3,
            "minPrice": 0.00005,
            "startTime": 0,
            "endTime": 99999999999999
        }
    },
    "57-20": {
        "ETH-ETH": {
            "makerAddress": "0x34723b92ae9708ba33843120a86035d049da7dfa",
            "sender": "0x34723b92ae9708ba33843120a86035d049da7dfa",
            "gasFee": 5,
            "tradingFee": 0.00028,
            "maxPrice": 3,
            "minPrice": 0.00005,
            "startTime": 0,
            "endTime": 99999999999999
        }
    },
    "20-57": {
        "ETH-ETH": {
            "makerAddress": "0x34723b92ae9708ba33843120a86035d049da7dfa",
            "sender": "0x34723b92ae9708ba33843120a86035d049da7dfa",
            "gasFee": 2,
            "tradingFee": 0.00028,
            "maxPrice": 3,
            "minPrice": 0.00005,
            "startTime": 0,
            "endTime": 99999999999999
        }
    },
    "27-20": {
        "ETH-ETH": {
            "makerAddress": "0x34723b92ae9708ba33843120a86035d049da7dfa",
            "sender": "0x34723b92ae9708ba33843120a86035d049da7dfa",
            "gasFee": 0,
            "tradingFee": 0.00028,
            "maxPrice": 3,
            "minPrice": 0.00005,
            "startTime": 0,
            "endTime": 99999999999999
        }
    },